"","동별.1.","동별.2.","동별.3.","계","남자","여자","pop","ratio","lat","long"
"417","합계","강남구","개포1동",221,140,81,6922,0.0319271886737937,37.4827409,127.055737
"426","합계","강남구","개포2동",558,336,222,29032,0.0192201708459631,37.4897723,127.0689523
"418","합계","강남구","개포4동",619,368,251,23639,0.0261855408435213,37.4788183,127.0516374
"407","합계","강남구","논현1동",548,338,210,22080,0.0248188405797101,37.5115706,127.028461
"408","합계","강남구","논현2동",482,298,184,20814,0.02315749015086,37.517342,127.037213
"411","합계","강남구","대치1동",279,164,115,23846,0.011700075484358,37.4931821,127.0567047
"425","합계","강남구","대치2동",604,387,217,37098,0.0162812011429188,37.5022848,127.0642072
"412","합계","강남구","대치4동",369,210,159,19491,0.0189318146837002,37.4997415,127.0579127
"415","합계","강남구","도곡1동",383,217,166,21274,0.0180031963899596,37.488238,127.0390246
"416","합계","강남구","도곡2동",497,315,182,32846,0.015131218413201,37.4837425,127.0464338
"409","합계","강남구","삼성1동",292,185,107,12739,0.0229217364000314,37.5144424,127.062532
"410","합계","강남구","삼성2동",588,371,217,31062,0.0189298821711416,37.5112,127.04595
"422","합계","강남구","세곡동",1927,1133,794,43382,0.0444193444285648,37.4643683,127.1043555
"421","합계","강남구","수서동",2069,1151,918,14402,0.14366060269407,37.4889181,127.104929
"405","합계","강남구","신사동",395,225,170,15876,0.0248803224993701,37.5240101,127.0227814
"423","합계","강남구","압구정동",500,289,211,25902,0.0193035286850436,37.530642,127.030713
"413","합계","강남구","역삼1동",706,415,291,35556,0.0198560017999775,37.4954841,127.0333574
"414","합계","강남구","역삼2동",675,409,266,37269,0.0181115672542864,37.4959674,127.0468034
"420","합계","강남구","일원1동",1077,606,471,14987,0.0718622806432241,37.491839,127.0879629
"419","합계","강남구","일원본동",703,343,360,23015,0.030545296545731,37.4833484,127.0864633
"424","합계","강남구","청담동",479,276,203,25489,0.0187924202597199,37.525107,127.049291
"474","합계","강동구","강일동",1661,947,714,33057,0.0502465438485041,37.5649783,127.173909
"460","합계","강동구","고덕1동",696,416,280,23919,0.0290982064467578,37.5572593,127.1515382
"461","합계","강동구","고덕2동",800,486,314,22764,0.0351432085749429,37.5605,127.16435
"473","합계","강동구","길동",1988,1214,774,45374,0.0438136377661216,37.5345598,127.1426791
"469","합계","강동구","둔촌1동",3,2,1,73,0.0410958904109589,37.5333656,127.1419851
"470","합계","강동구","둔촌2동",925,562,363,24277,0.0381019071549203,37.5332885,127.1419221
"458","합계","강동구","명일1동",816,481,335,25641,0.0318240318240318,37.5512453,127.1443656
"459","합계","강동구","명일2동",456,279,177,17327,0.0263173082472442,37.546366,127.1513427
"466","합계","강동구","성내1동",629,397,232,19900,0.031608040201005,37.5304417,127.122425
"467","합계","강동구","성내2동",1075,662,413,23528,0.0456902414144849,37.532425,127.129563
"468","합계","강동구","성내3동",913,559,354,23071,0.0395734905292358,37.5260101,127.13287
"471","합계","강동구","암사1동",1692,1028,664,34271,0.0493711884683843,37.551508,127.132663
"462","합계","강동구","암사2동",507,293,214,15069,0.0336452319331077,37.5517481,127.1272074
"463","합계","강동구","암사3동",558,304,254,17481,0.0319203706881757,37.5549912,127.1408249
"464","합계","강동구","천호1동",1411,847,564,26670,0.0529058867641545,37.5450159,127.1368066
"472","합계","강동구","천호2동",1648,999,649,33825,0.0487213599408721,37.5435257,127.1254351
"465","합계","강동구","천호3동",1256,747,509,26679,0.0470782263203268,37.5361455,127.1332269
"156","합계","강북구","미아동",1150,645,505,21685,0.053032049804012,37.6270736,127.0269791
"149","합계","강북구","번1동",992,609,383,18578,0.053396490472602,37.6378913,127.0288473
"150","합계","강북구","번2동",1335,739,596,15397,0.0867052023121387,37.6323588,127.0387953
"151","합계","강북구","번3동",1992,1084,908,16449,0.121101586722597,37.625874,127.04665
"159","합계","강북구","삼각산동",1266,681,585,30939,0.0409192281586347,37.6151568,127.0207209
"155","합계","강북구","삼양동",1302,784,518,23090,0.056388046773495,37.6250518,127.0197725
"157","합계","강북구","송중동",1379,818,561,29910,0.0461049816115012,37.616099,127.033738
"158","합계","강북구","송천동",1480,851,629,25998,0.0569274559581506,37.618282,127.023838
"152","합계","강북구","수유1동",1257,734,523,20501,0.0613140822398907,37.6300865,127.0176014
"153","합계","강북구","수유2동",1088,592,496,21054,0.0516766410183338,37.6447027,127.0198777
"154","합계","강북구","수유3동",1136,642,494,23778,0.0477752544368744,37.638715,127.023125
"160","합계","강북구","우이동",1037,575,462,20407,0.0508158965061008,37.6479523,127.0118533
"161","합계","강북구","인수동",1770,1000,770,29916,0.0591656638588047,37.6415105,127.0106307
"283","합계","강서구","가양1동",779,464,315,34359,0.0226723711400215,37.5695239,126.8447099
"284","합계","강서구","가양2동",2422,1419,1003,13902,0.174219536757301,37.5673763,126.8512826
"285","합계","강서구","가양3동",1617,846,771,14678,0.110164872598447,37.561092,126.8605955
"287","합계","강서구","공항동",1312,782,530,30927,0.0424224787402593,37.5588296,126.8101437
"274","합계","강서구","등촌1동",735,398,337,24991,0.0294105878116122,37.5558155,126.8589287
"275","합계","강서구","등촌2동",719,427,292,19855,0.0362125409216822,37.542658,126.8625
"276","합계","강서구","등촌3동",3649,2025,1624,30025,0.121532056619484,37.5589789,126.847881
"286","합계","강서구","발산1동",1515,870,645,36236,0.0418092504691467,37.5531209,126.8331686
"288","합계","강서구","방화1동",1798,1099,699,42851,0.0419593475064759,37.5703659,126.817026
"289","합계","강서구","방화2동",1588,927,661,23371,0.0679474562491977,37.5666997,126.8067549
"290","합계","강서구","방화3동",1987,1120,867,22544,0.088138750887154,37.5787386,126.8135628
"273","합계","강서구","염창동",1065,660,405,41628,0.025583741712309,37.553751,126.8709777
"292","합계","강서구","우장산동",1246,745,501,42883,0.0290558029988574,37.5482468,126.8418849
"291","합계","강서구","화곡1동",2093,1254,839,52647,0.0397553516819572,37.530408,126.841562
"278","합계","강서구","화곡2동",772,465,307,17785,0.043407365757661,37.531817,126.854613
"279","합계","강서구","화곡3동",828,473,355,21603,0.0383280099986113,37.5425392,126.8384231
"280","합계","강서구","화곡4동",984,581,403,20514,0.0479672418835917,37.5346476,126.8609068
"281","합계","강서구","화곡6동",990,591,399,25303,0.039125795360234,37.5518173,126.8501301
"282","합계","강서구","화곡8동",1018,557,461,24415,0.0416956788859308,37.5326541,126.848335
"277","합계","강서구","화곡본동",1390,836,554,34121,0.0407373758096187,37.544075,126.847725
"365","합계","관악구","낙성대동",444,246,198,17928,0.0247657295850067,37.4762971,126.9583884
"380","합계","관악구","난곡동",1605,938,667,26679,0.0601596761497807,37.4709634,126.9216507
"374","합계","관악구","난향동",707,424,283,15050,0.0469767441860465,37.461429,126.918842
"368","합계","관악구","남현동",556,334,222,18163,0.0306116830920002,37.4745394,126.9778366
"376","합계","관악구","대학동",754,489,265,26301,0.028668111478651,37.4706145,126.9369907
"382","합계","관악구","미성동",1474,889,585,30662,0.0480725327767269,37.4761761,126.9155534
"362","합계","관악구","보라매동",1095,624,471,24660,0.0444038929440389,37.4881456,126.9327389
"381","합계","관악구","삼성동",1376,788,588,20642,0.0666602073442496,37.470101,126.932963
"371","합계","관악구","서림동",871,508,363,24361,0.0357538688887977,37.4749956,126.9349995
"369","합계","관악구","서원동",819,504,315,23511,0.0348347581982902,37.4797346,126.9313
"378","합계","관악구","성현동",1436,801,635,28830,0.0498092265001734,37.4895366,126.9481271
"373","합계","관악구","신림동",569,353,216,23877,0.0238304644637098,37.487426,126.927075
"372","합계","관악구","신사동",941,576,365,24719,0.0380678830049759,37.4829831,126.9192856
"370","합계","관악구","신원동",834,483,351,18620,0.0447905477980666,37.4815883,126.9273519
"377","합계","관악구","은천동",1668,955,713,33156,0.0503076366268549,37.4853086,126.9424278
"367","합계","관악구","인헌동",912,500,412,26119,0.0349171101496995,37.4750974,126.9652628
"375","합계","관악구","조원동",731,464,267,20490,0.0356759394826745,37.4826299,126.9078649
"366","합계","관악구","중앙동",589,348,241,15685,0.0375518010838381,37.4842598,126.9497133
"379","합계","관악구","청룡동",1149,671,478,37132,0.0309436604545944,37.4791304,126.9416518
"363","합계","관악구","청림동",663,381,282,15005,0.0441852715761413,37.4918329,126.9585773
"364","합계","관악구","행운동",1035,602,433,29636,0.0349237413955999,37.4806541,126.9570456
"86","합계","광진구","광장동",718,425,293,34362,0.0208951749025086,37.546892,127.103025
"83","합계","광진구","구의1동",805,469,336,24049,0.033473325294191,37.5424917,127.0856756
"84","합계","광진구","구의2동",1050,626,424,26573,0.0395137921950852,37.5472481,127.0899111
"85","합계","광진구","구의3동",792,427,365,28440,0.0278481012658228,37.5380706,127.0920204
"77","합계","광진구","군자동",789,460,329,21524,0.0366567552499535,37.5551217,127.0758373
"82","합계","광진구","능동",383,220,163,11561,0.0331286220915146,37.5537803,127.0804994
"87","합계","광진구","자양1동",929,537,392,22709,0.0409088907481615,37.534508,127.082438
"88","합계","광진구","자양2동",937,523,414,24253,0.0386343957448563,37.528825,127.084438
"89","합계","광진구","자양3동",787,435,352,27858,0.028250412807811,37.533842,127.072913
"90","합계","광진구","자양4동",861,512,349,21260,0.0404985888993415,37.5341115,127.0662969
"78","합계","광진구","중곡1동",669,382,287,15663,0.0427121241141544,37.560675,127.080038
"79","합계","광진구","중곡2동",904,517,387,21336,0.0423697037870266,37.560308,127.081487
"80","합계","광진구","중곡3동",743,440,303,16177,0.0459294059467145,37.5688084,127.0801736
"81","합계","광진구","중곡4동",1269,748,521,28405,0.0446752332335856,37.5590865,127.0894538
"76","합계","광진구","화양동",547,305,242,27082,0.0201979174359353,37.5465421,127.0713152
"306","합계","구로구","가리봉동",536,346,190,12653,0.0423614952975579,37.4825557,126.8897489
"308","합계","구로구","개봉1동",1620,981,639,34105,0.0475003665151737,37.5003318,126.8511255
"302","합계","구로구","개봉2동",1438,856,582,30665,0.0468938529267895,37.4925187,126.8620808
"303","합계","구로구","개봉3동",1057,628,429,20251,0.0521949533356377,37.485993,126.853838
"300","합계","구로구","고척1동",1148,700,448,25636,0.0447807770322983,37.5004631,126.8628603
"301","합계","구로구","고척2동",1368,806,562,26557,0.0515118424520842,37.5067055,126.8587122
"296","합계","구로구","구로1동",533,323,210,20936,0.0254585403133359,37.4930433,126.8757585
"307","합계","구로구","구로2동",1447,841,606,30093,0.0480842720898548,37.491377,126.8834703
"297","합계","구로구","구로3동",924,538,386,25055,0.0368788664937138,37.4873799,126.8903678
"298","합계","구로구","구로4동",1229,700,529,23052,0.0533142460524033,37.4916271,126.8891697
"299","합계","구로구","구로5동",1164,699,465,31740,0.0366729678638941,37.5001593,126.8892945
"305","합계","구로구","수궁동",1279,769,510,23332,0.0548174181381793,37.4939422,126.8314627
"295","합계","구로구","신도림동",954,565,389,36138,0.026398804582434,37.5077664,126.8805826
"304","합계","구로구","오류1동",1137,662,475,23126,0.0491654414944219,37.497009,126.845201
"309","합계","구로구","오류2동",2104,1209,895,38528,0.054609634551495,37.4888016,126.8395371
"313","합계","금천구","가산동",751,479,272,26569,0.0282660243140502,37.4769094,126.8917326
"314","합계","금천구","독산1동",2054,1236,818,47573,0.0431757509511698,37.4702453,126.897041
"315","합계","금천구","독산2동",970,603,367,19562,0.0495859319088028,37.4631474,126.9034825
"316","합계","금천구","독산3동",1235,765,470,27239,0.0453394030617864,37.4751198,126.9032524
"317","합계","금천구","독산4동",798,505,293,16432,0.0485637779941577,37.4675452,126.9022074
"318","합계","금천구","시흥1동",1688,1003,685,34054,0.0495683326481471,37.4535411,126.9032625
"319","합계","금천구","시흥2동",1131,648,483,20832,0.0542914746543779,37.4495487,126.9148345
"320","합계","금천구","시흥3동",548,330,218,10701,0.0512101672740865,37.4403095,126.9057945
"321","합계","금천구","시흥4동",1172,699,473,20614,0.0568545648588338,37.459029,126.9061924
"322","합계","금천구","시흥5동",1268,737,531,19242,0.0658975158507432,37.4523912,126.908294
"198","합계","노원구","공릉1동",2203,1241,962,37184,0.0592459122203098,37.624874,127.073838
"183","합계","노원구","공릉2동",1391,780,611,42538,0.0327001739621045,37.621332,127.083488
"194","합계","노원구","상계10동",575,327,248,18477,0.0311197705255182,37.661274,127.060225
"189","합계","노원구","상계1동",1911,1094,817,37857,0.0504794357714557,37.6799006,127.0549781
"190","합계","노원구","상계2동",849,485,364,19629,0.0432523307351368,37.6574727,127.0678377
"195","합계","노원구","상계3.4동",1617,900,717,25324,0.0638524719633549,37.6729133,127.0832665
"191","합계","노원구","상계5동",1292,744,548,23737,0.0544297931499347,37.6627392,127.069498
"196","합계","노원구","상계6.7동",1263,681,582,32044,0.039414554986893,37.654882,127.0669541
"192","합계","노원구","상계8동",723,378,345,22344,0.0323576799140709,37.6667854,127.0515874
"193","합계","노원구","상계9동",722,406,316,20071,0.0359722983408898,37.664553,127.0638347
"180","합계","노원구","월계1동",933,541,392,21580,0.0432344763670065,37.6199197,127.0630165
"181","합계","노원구","월계2동",2230,1266,964,26066,0.0855520601549912,37.6325377,127.0508
"182","합계","노원구","월계3동",1973,1057,916,29384,0.06714538524367,37.6210475,127.0692485
"187","합계","노원구","중계1동",727,401,326,26580,0.0273513920240783,37.6525986,127.0775275
"197","합계","노원구","중계2.3동",3096,1668,1428,33497,0.0924261874197689,37.6421829,127.0687126
"188","합계","노원구","중계4동",1471,798,673,19601,0.075047191469823,37.6587275,127.0780091
"186","합계","노원구","중계본동",743,416,327,23477,0.0316479959108915,37.64784,127.080338
"184","합계","노원구","하계1동",1994,1049,945,26982,0.073901119264695,37.6405374,127.0725852
"185","합계","노원구","하계2동",983,515,468,21642,0.0454209407633306,37.6320048,127.0679733
"176","합계","도봉구","도봉1동",1478,868,610,20622,0.0716710309378334,37.6786913,127.0434369
"177","합계","도봉구","도봉2동",1477,857,620,26359,0.0560339921848325,37.669751,127.046575
"168","합계","도봉구","방학1동",1484,883,601,28410,0.0522351284758888,37.6641763,127.0407251
"169","합계","도봉구","방학2동",1243,730,513,19354,0.0642244497261548,37.6681842,127.0351005
"170","합계","도봉구","방학3동",1035,605,430,26500,0.0390566037735849,37.6591685,127.028036
"164","합계","도봉구","쌍문1동",1159,660,499,21445,0.0540452319888086,37.6480275,127.0261145
"165","합계","도봉구","쌍문2동",929,542,387,18461,0.0503223010671145,37.6579935,127.0389254
"166","합계","도봉구","쌍문3동",853,470,383,16934,0.0503720325971418,37.6489775,127.0278643
"167","합계","도봉구","쌍문4동",652,352,300,18348,0.0355352081970787,37.656482,127.028425
"171","합계","도봉구","창1동",992,556,436,24502,0.0404864908987021,37.6483046,127.0438683
"172","합계","도봉구","창2동",1347,774,573,28957,0.0465172497150948,37.6414033,127.0356387
"173","합계","도봉구","창3동",782,483,299,13633,0.0573608156678647,37.6381278,127.0429556
"174","합계","도봉구","창4동",956,526,430,26121,0.036598905095517,37.6522276,127.0515994
"175","합계","도봉구","창5동",958,560,398,24343,0.0393542291418478,37.6563436,127.0436793
"106","합계","동대문구","답십리1동",1069,602,467,28530,0.0374693305292674,37.5717963,127.0512678
"101","합계","동대문구","답십리2동",1427,822,605,28055,0.0508643735519515,37.567417,127.06125
"97","합계","동대문구","용신동",1582,942,640,36137,0.0437778454215901,37.5758185,127.0372169
"104","합계","동대문구","이문1동",783,480,303,21366,0.0366470092670598,37.597849,127.06545
"105","합계","동대문구","이문2동",1023,594,429,20183,0.0506862210771441,37.6033571,127.065075
"102","합계","동대문구","장안1동",1666,987,679,38677,0.0430746955554981,37.567842,127.066375
"103","합계","동대문구","장안2동",1323,781,542,32685,0.0404772831574117,37.578483,127.0706
"99","합계","동대문구","전농1동",1432,832,600,29220,0.0490075290896646,37.5779984,127.0477575
"100","합계","동대문구","전농2동",900,505,395,18629,0.0483117719684363,37.5781027,127.0600375
"98","합계","동대문구","제기동",1391,778,613,26484,0.0525222776015708,37.5831612,127.0378551
"96","합계","동대문구","청량리동",1221,703,518,19094,0.0639467895674034,37.5862586,127.0472767
"93","합계","동대문구","회기동",313,182,131,13536,0.0231235224586288,37.5908083,127.0553132
"94","합계","동대문구","휘경1동",483,284,199,16339,0.0295611726543852,37.592932,127.065725
"95","합계","동대문구","휘경2동",868,506,362,24666,0.0351901402740615,37.5902093,127.0685788
"358","합계","동작구","노량진1동",1251,704,547,32114,0.0389549729090116,37.512308,126.942013
"345","합계","동작구","노량진2동",545,313,232,11234,0.0485134413387929,37.508509,126.937352
"354","합계","동작구","대방동",1542,866,676,37056,0.0416126943005181,37.508133,126.92635
"350","합계","동작구","사당1동",754,453,301,23009,0.0327697857360163,37.4830639,126.9786682
"359","합계","동작구","사당2동",948,540,408,28786,0.0329326756061975,37.4887323,126.9792598
"351","합계","동작구","사당3동",767,469,298,24189,0.0317086278887097,37.4845247,126.9734908
"352","합계","동작구","사당4동",560,323,237,14185,0.0394783221713077,37.4809888,126.9716704
"353","합계","동작구","사당5동",538,306,232,14434,0.0372731051683525,37.4857521,126.9668658
"346","합계","동작구","상도1동",1464,832,632,46166,0.0317116492656934,37.4981,126.953089
"347","합계","동작구","상도2동",909,521,388,27982,0.0324851690372382,37.5055197,126.942296
"348","합계","동작구","상도3동",1133,623,510,24456,0.0463280994438992,37.4991123,126.9313793
"349","합계","동작구","상도4동",1318,796,522,28564,0.046141996919199,37.4994203,126.941422
"355","합계","동작구","신대방1동",823,471,352,25118,0.0327653475595191,37.488943,126.91005
"356","합계","동작구","신대방2동",781,445,336,22445,0.034796168411673,37.4984422,126.9244085
"357","합계","동작구","흑석동",984,557,427,30694,0.0320583827458135,37.5058617,126.966612
"249","합계","마포구","공덕동",1475,849,626,37476,0.0393585227879176,37.550192,126.960025
"236","합계","마포구","대흥동",474,274,200,16177,0.0293008592446065,37.5557827,126.9424619
"247","합계","마포구","도화동",738,390,348,21118,0.0349464911449948,37.5415123,126.9498798
"241","합계","마포구","망원1동",757,438,319,19757,0.0383155337348788,37.5556222,126.9055969
"242","합계","마포구","망원2동",742,430,312,18449,0.0402189820586482,37.5602495,126.9023578
"246","합계","마포구","상암동",1177,653,524,30837,0.038168434024062,37.578325,126.8946875
"248","합계","마포구","서강동",675,371,304,25576,0.0263919299343134,37.5477577,126.9321095
"239","합계","마포구","서교동",667,403,264,26674,0.0250056234535503,37.5551015,126.914588
"244","합계","마포구","성산1동",662,376,286,19079,0.0346978353163164,37.5634083,126.90785
"245","합계","마포구","성산2동",2000,1076,924,39500,0.0506329113924051,37.568618,126.9090061
"238","합계","마포구","신수동",674,403,271,22672,0.0297282992237121,37.5471182,126.9351878
"250","합계","마포구","아현동",681,401,280,26184,0.0260082493125573,37.547125,126.95215
"243","합계","마포구","연남동",487,267,220,15603,0.0312119464205602,37.564501,126.922027
"237","합계","마포구","염리동",528,285,243,17633,0.0299438552713662,37.547083,126.94565
"235","합계","마포구","용강동",613,339,274,21786,0.0281373359037914,37.5422119,126.9426766
"240","합계","마포구","합정동",554,315,239,17064,0.0324660103141116,37.5516561,126.9118888
"225","합계","서대문구","남가좌1동",552,290,262,16884,0.0326936744847193,37.573295,126.9197232
"226","합계","서대문구","남가좌2동",1185,645,540,30508,0.0388422708797692,37.5784658,126.9238889
"227","합계","서대문구","북가좌1동",692,385,307,17804,0.0388676701864749,37.57429,126.910194
"228","합계","서대문구","북가좌2동",1545,866,679,31244,0.0494494943029062,37.5815,126.9112
"230","합계","서대문구","북아현동",565,322,243,15875,0.0355905511811024,37.5595,126.957025
"231","합계","서대문구","신촌동",470,241,229,26143,0.017978043835826,37.5640923,126.9418114
"232","합계","서대문구","연희동",1178,674,504,37428,0.0314737629582131,37.5739083,126.9351754
"219","합계","서대문구","천연동",701,387,314,17031,0.0411602372144912,37.5711247,126.9590332
"229","합계","서대문구","충현동",724,432,292,20316,0.0356369364048041,37.5648265,126.9546863
"223","합계","서대문구","홍은1동",1053,556,497,22825,0.0461336254107338,37.5989056,126.9471111
"224","합계","서대문구","홍은2동",1237,701,536,27499,0.0449834539437798,37.5801972,126.9342509
"220","합계","서대문구","홍제1동",948,526,422,24674,0.0384210099700089,37.5876988,126.9448779
"222","합계","서대문구","홍제2동",606,316,290,13433,0.0451127819548872,37.586107,126.949338
"221","합계","서대문구","홍제3동",892,514,378,17890,0.0498602571268865,37.5938295,126.9496737
"402","합계","서초구","내곡동",825,504,321,17455,0.0472643941564022,37.4493583,127.0583103
"391","합계","서초구","반포1동",619,377,242,34443,0.0179717213947682,37.5050895,127.0135073
"392","합계","서초구","반포2동",232,129,103,15742,0.0147376445178503,37.5046022,126.9945091
"393","합계","서초구","반포3동",403,220,183,22773,0.0176963948535546,37.5120925,127.0056289
"394","합계","서초구","반포4동",351,211,140,19486,0.0180129323616956,37.4974314,127.0003853
"390","합계","서초구","반포본동",3,1,2,292,0.0102739726027397,37.5004776,126.98606
"396","합계","서초구","방배1동",464,263,201,16883,0.0274832671918498,37.4832801,126.9945569
"397","합계","서초구","방배2동",655,383,272,18553,0.0353042634614348,37.4797439,126.9855106
"398","합계","서초구","방배3동",378,225,153,17321,0.021823220368339,37.4784409,126.9999918
"399","합계","서초구","방배4동",581,343,238,23429,0.0247983268598745,37.489007,126.9923344
"395","합계","서초구","방배본동",485,295,190,20778,0.0233419963422851,37.4941452,126.988785
"385","합계","서초구","서초1동",458,257,201,20622,0.0222092910483949,37.4901186,127.0195082
"386","합계","서초구","서초2동",461,281,180,26932,0.0171171840190108,37.49208,127.02496
"387","합계","서초구","서초3동",728,436,292,32379,0.0224837085765465,37.4836682,127.0119725
"388","합계","서초구","서초4동",489,315,174,30521,0.0160217555125979,37.5026685,127.0221589
"400","합계","서초구","양재1동",1858,1024,834,42683,0.0435302110910667,37.4716412,127.026744
"401","합계","서초구","양재2동",672,432,240,21766,0.0308738399338418,37.470601,127.041188
"389","합계","서초구","잠원동",496,308,188,26393,0.0187928617436441,37.5149619,127.0140771
"63","합계","성동구","금호1가동",663,359,304,15137,0.0437999603620268,37.5549008,127.0216354
"72","합계","성동구","금호2.3가동",931,513,418,22423,0.0415198679926861,37.5532922,127.0209487
"64","합계","성동구","금호4가동",538,305,233,14228,0.0378127635648018,37.5471987,127.02241
"58","합계","성동구","마장동",1047,617,430,22706,0.0461111600458029,37.566325,127.045388
"59","합계","성동구","사근동",355,186,169,14082,0.0252094872887374,37.5614846,127.0453315
"65","합계","성동구","성수1가1동",580,347,233,16407,0.0353507649174133,37.542108,127.04965
"66","합계","성동구","성수1가2동",448,244,204,12322,0.0363577341340691,37.5462991,127.0443325
"67","합계","성동구","성수2가1동",728,458,270,15716,0.0463222193942479,37.5395907,127.0540659
"68","합계","성동구","성수2가3동",409,249,160,10520,0.0388783269961977,37.5482223,127.0552645
"69","합계","성동구","송정동",475,288,187,10464,0.0453937308868502,37.5545217,127.0696004
"73","합계","성동구","옥수동",724,411,313,25843,0.0280153232983787,37.5436386,127.0134622
"57","합계","성동구","왕십리2동",648,346,302,16688,0.038830297219559,37.561108,127.030488
"71","합계","성동구","왕십리도선동",1001,590,411,26903,0.0372077463479909,37.5678257,127.0255501
"70","합계","성동구","용답동",617,395,222,12551,0.0491594295275277,37.5640618,127.0555515
"62","합계","성동구","응봉동",533,301,232,15100,0.0352980132450331,37.5531636,127.0334357
"60","합계","성동구","행당1동",503,298,205,13996,0.0359388396684767,37.558567,127.036188
"61","합계","성동구","행당2동",892,497,395,23148,0.0385346466217384,37.558208,127.02935
"135","합계","성북구","길음1동",1033,550,483,35000,0.0295142857142857,37.6104856,127.0193925
"136","합계","성북구","길음2동",746,442,304,21728,0.0343335787923417,37.6066647,127.0273155
"127","합계","성북구","돈암1동",606,328,278,14474,0.0418681774215835,37.6034071,127.0263875
"128","합계","성북구","돈암2동",690,394,296,23657,0.0291668427949444,37.598039,127.0105659
"144","합계","성북구","동선동",535,296,239,15870,0.0337114051669817,37.5939824,127.0203666
"130","합계","성북구","보문동",637,359,278,16712,0.0381163235998085,37.580383,127.0228
"143","합계","성북구","삼선동",837,482,355,23044,0.0363218191286235,37.5908326,127.0146297
"146","합계","성북구","석관동",1757,1022,735,35315,0.0497522299306244,37.612957,127.061413
"142","합계","성북구","성북동",547,321,226,16889,0.0323879448161525,37.5911237,127.0032875
"129","합계","성북구","안암동",554,329,225,17118,0.0323635938777895,37.5858498,127.0213292
"137","합계","성북구","월곡1동",1167,670,497,26169,0.0445947495127823,37.6105472,127.0357574
"138","합계","성북구","월곡2동",886,503,383,19739,0.0448857591569988,37.6057667,127.0478758
"139","합계","성북구","장위1동",1176,655,521,24082,0.0488331533925754,37.6141245,127.0437129
"140","합계","성북구","장위2동",707,421,286,13622,0.0519013360739979,37.6123899,127.0545206
"141","합계","성북구","장위3동",587,358,229,15868,0.036992689689942,37.6165512,127.056603
"131","합계","성북구","정릉1동",644,347,297,18197,0.0353904489751058,37.6014512,127.0166146
"132","합계","성북구","정릉2동",962,553,409,22911,0.0419885644450264,37.6044729,127.0111047
"133","합계","성북구","정릉3동",686,394,292,16567,0.0414076175529667,37.6089578,127.004186
"134","합계","성북구","정릉4동",1080,614,466,24911,0.0433543414555819,37.6133387,127.0069798
"145","합계","성북구","종암동",1634,929,705,40111,0.0407369549500137,37.5990075,127.0351572
"444","합계","송파구","가락1동",556,341,215,27521,0.020202754260383,37.4964898,127.1098653
"445","합계","송파구","가락2동",911,532,379,31670,0.0287653931165141,37.4987054,127.1266714
"443","합계","송파구","가락본동",743,455,288,25883,0.0287061005293049,37.4955568,127.1217864
"431","합계","송파구","거여1동",626,373,253,12255,0.0510811913504692,37.4969643,127.1432324
"432","합계","송파구","거여2동",1132,631,501,23745,0.0476731943567067,37.4935803,127.1468764
"433","합계","송파구","마천1동",1220,722,498,18618,0.0655279836717155,37.4960195,127.1499724
"434","합계","송파구","마천2동",1216,708,508,18150,0.0669972451790634,37.4968477,127.1485193
"446","합계","송파구","문정1동",562,337,225,19916,0.0282185177746535,37.4900982,127.1241719
"447","합계","송파구","문정2동",507,312,195,28841,0.0175791408064908,37.489823,127.1108107
"435","합계","송파구","방이1동",411,246,165,15460,0.0265847347994825,37.510933,127.123925
"436","합계","송파구","방이2동",747,438,309,26354,0.0283448432875465,37.5164444,127.1114868
"442","합계","송파구","삼전동",903,538,365,29912,0.0301885530890612,37.502714,127.0925354
"441","합계","송파구","석촌동",1031,620,411,31602,0.0326245174356053,37.503592,127.1037
"439","합계","송파구","송파1동",684,430,254,24008,0.0284905031656115,37.5062595,127.1093393
"440","합계","송파구","송파2동",495,291,204,18947,0.0261255079959888,37.502317,127.1167651
"438","합계","송파구","오금동",1453,816,637,38037,0.0381996477114389,37.5030528,127.1281494
"437","합계","송파구","오륜동",301,168,133,17804,0.0169063131880476,37.515425,127.1343
"455","합계","송파구","위례동",1238,728,510,44613,0.0277497590388452,37.4811656,127.1439378
"452","합계","송파구","잠실2동",601,353,248,34876,0.0172324807890813,37.5119488,127.088559
"453","합계","송파구","잠실3동",681,410,271,34143,0.0199455232404885,37.513333,127.094375
"449","합계","송파구","잠실4동",441,276,165,21223,0.0207793431654337,37.5201089,127.1122668
"450","합계","송파구","잠실6동",390,230,160,16713,0.0233351283432059,37.518142,127.10065
"451","합계","송파구","잠실7동",227,136,91,9427,0.0240797708709027,37.5086777,127.0771146
"448","합계","송파구","잠실본동",771,473,298,28358,0.0271880950701742,37.5061,127.084338
"454","합계","송파구","장지동",1313,770,543,29102,0.045117174077383,37.4785,127.1354
"429","합계","송파구","풍납1동",603,343,260,12910,0.0467079783113865,37.538092,127.122075
"430","합계","송파구","풍납2동",808,476,332,24426,0.0330795054450176,37.5292584,127.1157686
"253","합계","양천구","목1동",696,393,303,30536,0.0227927691904637,37.5303777,126.8712323
"254","합계","양천구","목2동",1056,634,422,29641,0.0356263283964778,37.5461131,126.8717128
"255","합계","양천구","목3동",924,548,376,21719,0.0425433951839403,37.5448009,126.8644431
"256","합계","양천구","목4동",837,493,344,25018,0.0334559117435446,37.532425,126.86835
"269","합계","양천구","목5동",732,413,319,40737,0.0179689226010752,37.5371201,126.8816206
"257","합계","양천구","신월1동",1294,762,532,20343,0.0636091038686526,37.532808,126.831487
"258","합계","양천구","신월2동",991,579,412,20569,0.0481792989450143,37.5249763,126.8444512
"259","합계","양천구","신월3동",934,557,377,14934,0.0625418508102317,37.5336234,126.8291541
"260","합계","양천구","신월4동",936,533,403,17698,0.0528873319019098,37.5246218,126.8401341
"261","합계","양천구","신월5동",718,413,305,14461,0.0496507848696494,37.5386227,126.8271621
"262","합계","양천구","신월6동",465,299,166,13816,0.0336566299942096,37.5180328,126.8451512
"263","합계","양천구","신월7동",1120,636,484,19199,0.0583363716860253,37.5219343,126.8346571
"264","합계","양천구","신정1동",552,338,214,19962,0.0276525398256688,37.5185289,126.8542636
"265","합계","양천구","신정2동",726,423,303,19003,0.0382044940272589,37.5192314,126.870679
"266","합계","양천구","신정3동",2216,1253,963,50587,0.0438057208373693,37.5151685,126.8547892
"270","합계","양천구","신정4동",1586,964,622,33056,0.0479791868344627,37.5245455,126.8558042
"267","합계","양천구","신정6동",459,265,194,24152,0.0190046372971183,37.5170414,126.8644471
"268","합계","양천구","신정7동",1379,729,650,28579,0.0482522131635117,37.514393,126.8597007
"326","합계","영등포구","당산1동",773,467,306,20740,0.0372709739633558,37.5249643,126.897443
"327","합계","영등포구","당산2동",928,535,393,37102,0.0250121287262142,37.5310483,126.8973273
"336","합계","영등포구","대림1동",853,513,340,16506,0.0516781776323761,37.4954685,126.905818
"337","합계","영등포구","대림2동",745,429,316,17523,0.0425155509901273,37.4927521,126.8982938
"338","합계","영등포구","대림3동",1192,728,464,25205,0.0472922039277921,37.4983347,126.8980312
"341","합계","영등포구","도림동",873,515,358,19600,0.0445408163265306,37.509475,126.89595
"342","합계","영등포구","문래동",899,538,361,32540,0.0276275353411186,37.517086,126.899466
"330","합계","영등포구","신길1동",894,529,365,20483,0.043645950300249,37.5112667,126.9214285
"331","합계","영등포구","신길3동",821,490,331,17281,0.0475088247207916,37.5073003,126.9077425
"332","합계","영등포구","신길4동",632,347,285,13016,0.0485556238475722,37.5084555,126.9112884
"333","합계","영등포구","신길5동",556,344,212,11212,0.0495897252943275,37.5016177,126.9052679
"334","합계","영등포구","신길6동",793,441,352,19593,0.0404736385443781,37.498535,126.919437
"335","합계","영등포구","신길7동",567,328,239,19899,0.028493894165536,37.506392,126.921475
"328","합계","영등포구","양평1동",670,389,281,18704,0.0358212147134303,37.52365,126.888238
"329","합계","영등포구","양평2동",605,367,238,22583,0.0267900633219679,37.5364739,126.8939535
"325","합계","영등포구","여의동",773,448,325,32923,0.0234790268201561,37.5177232,126.934584
"340","합계","영등포구","영등포동",989,664,325,30461,0.0324677456419684,37.5203985,126.9106918
"339","합계","영등포구","영등포본동",1091,664,427,22714,0.0480320507176191,37.5146826,126.9093046
"41","합계","용산구","남영동",519,397,122,7552,0.0687235169491525,37.5457586,126.9748403
"50","합계","용산구","보광동",586,334,252,14060,0.041678520625889,37.5263257,127.0001818
"49","합계","용산구","서빙고동",364,210,154,13458,0.0270471095259325,37.520458,126.994663
"44","합계","용산구","용문동",454,246,208,11664,0.038923182441701,37.5389,126.957562
"40","합계","용산구","용산2가동",456,264,192,10333,0.0441304558211555,37.5461327,126.9855777
"52","합계","용산구","원효로1동",441,242,199,17774,0.0248115224485203,37.5372185,126.9676811
"42","합계","용산구","원효로2동",465,269,196,13795,0.0337078651685393,37.53435,126.951538
"45","합계","용산구","이촌1동",500,281,219,25707,0.0194499552651029,37.5214167,126.9732
"46","합계","용산구","이촌2동",341,194,147,8094,0.0421299728193724,37.5262575,126.9547071
"47","합계","용산구","이태원1동",215,121,94,7947,0.0270542343022524,37.5325225,126.9950384
"48","합계","용산구","이태원2동",297,161,136,10427,0.0284837441258272,37.5418962,126.9901481
"51","합계","용산구","청파동",805,471,334,19833,0.0405889174607977,37.5488,126.9674
"53","합계","용산구","한강로동",503,296,207,22886,0.0219785021410469,37.5281071,126.9692332
"54","합계","용산구","한남동",590,315,275,22054,0.0267525165502857,37.53455,127.0005
"43","합계","용산구","효창동",353,186,167,10888,0.0324210139603233,37.5424569,126.9618498
"39","합계","용산구","후암동",732,406,326,16812,0.0435403283369022,37.5486375,126.9781344
"203","합계","은평구","갈현1동",853,494,359,17151,0.0497347093463938,37.623707,126.916675
"204","합계","은평구","갈현2동",1252,718,534,28176,0.044434980124929,37.6185866,126.9158385
"205","합계","은평구","구산동",2172,1494,678,32020,0.0678326046221112,37.6117455,126.9103893
"201","합계","은평구","녹번동",1667,949,718,36884,0.0451957488341828,37.6021944,126.9298245
"206","합계","은평구","대조동",1243,726,517,26862,0.0462735462735463,37.614165,126.920813
"202","합계","은평구","불광1동",1709,957,752,38265,0.0446622239644584,37.6103876,126.9320747
"214","합계","은평구","불광2동",1456,858,598,27280,0.0533724340175953,37.6208567,126.9257389
"212","합계","은평구","수색동",634,349,285,13210,0.0479939439818319,37.5835192,126.8936659
"209","합계","은평구","신사1동",1229,727,502,26984,0.0455455084494515,37.5978445,126.9117735
"210","합계","은평구","신사2동",888,512,376,19497,0.0455454685336206,37.5902796,126.9084195
"216","합계","은평구","역촌동",2138,1197,941,44984,0.0475280099590966,37.6044046,126.915114
"207","합계","은평구","응암1동",1360,751,609,33279,0.040866612578503,37.6006884,126.926813
"208","합계","은평구","응암2동",1002,567,435,28016,0.0357652769845802,37.5946071,126.9230926
"215","합계","은평구","응암3동",1344,764,580,24313,0.0552790688109242,37.5922474,126.9157268
"211","합계","은평구","증산동",826,479,347,18647,0.0442966697055827,37.5843063,126.9070404
"213","합계","은평구","진관동",1959,1120,839,55034,0.03559617690882,37.634983,126.9210512
"9","합계","종로구","가회동",174,92,82,4065,0.0428044280442804,37.5800784,126.9847995
"8","합계","종로구","교남동",347,191,156,9994,0.0347208324994997,37.5719391,126.9619364
"7","합계","종로구","무악동",325,179,146,8052,0.0403626428216592,37.5760032,126.958148
"5","합계","종로구","부암동",311,181,130,9536,0.032613255033557,37.5924785,126.9641
"3","합계","종로구","사직동",267,150,117,9355,0.0285408872260823,37.576196,126.9688397
"4","합계","종로구","삼청동",110,61,49,2642,0.0416351249053747,37.5850126,126.981836
"16","합계","종로구","숭인1동",300,154,146,6057,0.0495294700346706,37.5778049,127.0156274
"17","합계","종로구","숭인2동",421,263,158,10509,0.0400609001807974,37.574867,127.019988
"12","합계","종로구","이화동",312,169,143,7631,0.0408858603066439,37.577008,127.004338
"10","합계","종로구","종로1.2.3.4가동",383,284,99,8700,0.0440229885057471,37.574461,126.9902618
"11","합계","종로구","종로5.6가동",258,170,88,5817,0.0443527591542032,37.5720148,127.0050414
"13","합계","종로구","창신1동",264,154,110,5383,0.0490432844138956,37.570758,127.016363
"14","합계","종로구","창신2동",516,298,218,8796,0.0586630286493861,37.574458,127.010863
"15","합계","종로구","창신3동",341,188,153,6606,0.0516197396306388,37.5779055,127.0150474
"18","합계","종로구","청운효자동",437,235,202,11818,0.0369774919614148,37.5841367,126.9706519
"6","합계","종로구","평창동",491,262,229,17858,0.0274946802553477,37.6063166,126.9681871
"19","합계","종로구","혜화동",577,333,244,19392,0.0297545379537954,37.5869186,127.0005764
"27","합계","중구","광희동",217,125,92,6682,0.0324753067943729,37.564494,127.0050623
"33","합계","중구","다산동",631,356,275,13954,0.0452200085996847,37.5542861,127.0082322
"36","합계","중구","동화동",422,225,197,10199,0.0413766055495637,37.5600562,127.0194239
"24","합계","중구","명동",112,59,53,3638,0.0307861462341946,37.560042,126.98585
"22","합계","중구","소공동",32,21,11,3578,0.00894354387926216,37.562442,126.977025
"29","합계","중구","신당5동",481,285,196,10513,0.0457528773898982,37.565142,127.02185
"32","합계","중구","신당동",404,260,144,9087,0.0444591174204908,37.5620973,127.0145478
"34","합계","중구","약수동",842,427,415,16610,0.0506923540036123,37.552479,127.0090022
"28","합계","중구","을지로동",87,66,21,1912,0.0455020920502092,37.5667163,126.9913342
"26","합계","중구","장충동",198,104,94,5326,0.0371761171610965,37.5618946,127.0078812
"31","합계","중구","중림동",527,321,206,12338,0.042713567839196,37.5548629,126.9644863
"35","합계","중구","청구동",629,352,277,13451,0.0467623225039031,37.557083,127.014687
"25","합계","중구","필동",178,106,72,4816,0.0369601328903654,37.5601529,126.9955699
"30","합계","중구","황학동",509,304,205,13459,0.0378185600713277,37.5673446,127.0212812
"119","합계","중랑구","망우3동",969,571,398,16303,0.059436913451512,37.5919108,127.0949497
"124","합계","중랑구","망우본동",1895,1100,795,35905,0.0527781646010305,37.6005732,127.1014684
"109","합계","중랑구","면목2동",1214,720,494,24206,0.0501528546641329,37.589799,127.07905
"110","합계","중랑구","면목4동",1267,743,524,18746,0.0675877520537715,37.5746736,127.0855775
"111","합계","중랑구","면목5동",641,408,233,14836,0.0432057158263683,37.5857842,127.079511
"112","합계","중랑구","면목7동",1006,597,409,21798,0.0461510230296357,37.5789945,127.0869854
"122","합계","중랑구","면목본동",1666,971,695,33856,0.0492084120982987,37.5873592,127.0874227
"117","합계","중랑구","묵1동",1444,829,615,34344,0.042045189843932,37.6123734,127.0784729
"118","합계","중랑구","묵2동",906,529,377,18624,0.0486469072164948,37.6059528,127.0783313
"113","합계","중랑구","상봉1동",1350,781,569,23714,0.0569283967276714,37.5998799,127.0872004
"114","합계","중랑구","상봉2동",793,456,337,20612,0.0384727343295168,37.592892,127.0808518
"120","합계","중랑구","신내1동",1961,1075,886,38205,0.0513283601622824,37.605882,127.099538
"121","합계","중랑구","신내2동",1514,829,685,20155,0.0751178367650707,37.6061896,127.0942306
"115","합계","중랑구","중화1동",930,566,364,19293,0.0482040118177577,37.6011745,127.080623
"116","합계","중랑구","중화2동",1449,851,598,24926,0.0581320709299527,37.5993838,127.0795427
